<?xml version="1.0" encoding="UTF-8"?>
<Package xmlns="http://soap.sforce.com/2006/04/metadata">
    <fullName>codepkg</fullName>
    <!--
    <types>
        <members>TestAssignRAM</members>
		<members>TestCallRedirectController</members>
		<members>TestClientDashboardSalesContract</members>
		<members>TestDesignQuestionnaireController</members>
		<members>TestRAMCallTrackController</members>
		<members>TestScheduleCallDataCleanUp</members>
		<members>TestSchedulerAndDesignQStatusController</members>
		<members>TestCreateNewDesignRequestController</members>
        <name>ApexClass</name>
    </types>
	-->
    <version>34.0</version>
</Package>
